# PandaX S2-only 2025, DM-electron scattering with heavy mediator
# 2507.11930, figure 4 top, curve trace by Jelle
# wimp_mass,upper_limit
50.1989e-03,1.15746e-39
69.2393e-03,6.87844e-40
99.7076e-03,5.13546e-40
201.834e-03,4.57637e-40
311.545e-03,5.02471e-40
499.697e-03,5.82688e-40
912.276e-03,7.51368e-40
3494.34e-03,1.39372e-39
9752.60e-03,2.34717e-39
